parent_id,gender,first_name,last_name
sprs_508207_parent_240,f,mariyah,mcknight
sprs_508207_parent_910,m,annalise,gomez
sprs_508207_parent_413,f,abraham,barron
sprs_508207_parent_873,f,kyleigh,downs
sprs_508207_parent_686,m,gavin,hester
sprs_508207_parent_984,f,jordyn,adams
sprs_508207_parent_980,m,emma,knox
sprs_508207_parent_827,m,reginald,boone
sprs_508207_parent_882,m,lindsay,cooke
sprs_508207_parent_575,f,sydney,randolph
sprs_508207_parent_607,f,jakayla,robertson
sprs_508207_parent_492,m,dayana,ware
sprs_508207_parent_876,f,chance,sawyer
sprs_508207_parent_285,m,itzel,norman
sprs_508207_parent_357,f,helena,pacheco
sprs_508207_parent_098,m,russell,willis
sprs_508207_parent_265,m,skyler,hansen
sprs_508207_parent_463,f,sasha,conrad
sprs_508207_parent_844,m,phillip,whitehead
sprs_508207_parent_812,m,julianne,hull
sprs_508207_parent_496,f,delaney,reeves
sprs_508207_parent_881,f,nico,meadows
sprs_508207_parent_479,m,dana,schmidt
sprs_508207_parent_617,m,caleb,watson
sprs_508207_parent_801,f,lincoln,yang
sprs_508207_parent_131,m,kailynn,patrick
sprs_508207_parent_627,m,westin,curry
sprs_508207_parent_769,m,carissa,hurst
sprs_508207_parent_077,m,keira,greene
sprs_508207_parent_870,f,nicolas,wolfe
sprs_508207_parent_594,f,emilio,kim
sprs_508207_parent_959,f,allie,oliver
sprs_508207_parent_067,m,august,giles
sprs_508207_parent_759,m,augustus,blackburn
sprs_508207_parent_399,m,zavier,long
sprs_508207_parent_550,m,destinee,doyle
sprs_508207_parent_738,m,konnor,rodriquez
sprs_508207_parent_555,m,bethany,horton
sprs_508207_parent_548,f,terrell,house
sprs_508207_parent_097,m,jameson,jarvis
sprs_508207_parent_615,f,lindsey,alvarez
sprs_508207_parent_388,m,presley,justice
sprs_508207_parent_661,m,kasey,morrow
sprs_508207_parent_870,m,mark,moore
sprs_508207_parent_815,m,aleena,bolton
sprs_508207_parent_897,m,leila,cruz
sprs_508207_parent_069,f,jermaine,mendez
sprs_508207_parent_095,m,jaylee,flores
sprs_508207_parent_063,f,daisy,blackwell
sprs_508207_parent_371,m,irvin,craft
sprs_508207_parent_217,m,lacey,stout
sprs_508207_parent_039,f,pablo,taylor
sprs_508207_parent_222,f,davin,hernandez
sprs_508207_parent_003,m,kaya,garrett
sprs_508207_parent_149,m,keenan,joseph
sprs_508207_parent_787,m,haiden,mckee
sprs_508207_parent_768,f,tyrell,farrell
sprs_508207_parent_816,f,jeremiah,romero
sprs_508207_parent_668,m,damon,sherman
sprs_508207_parent_017,m,augustus,martin
sprs_508207_parent_209,m,micah,avery
sprs_508207_parent_970,f,patricia,mueller
sprs_508207_parent_335,m,beau,bishop
sprs_508207_parent_367,m,simone,cline
sprs_508207_parent_959,f,samara,burton
sprs_508207_parent_453,f,melanie,henry
sprs_508207_parent_038,m,alyson,watkins
sprs_508207_parent_069,m,emiliano,sexton
sprs_508207_parent_299,f,brycen,merrill
sprs_508207_parent_902,f,giselle,guy
sprs_508207_parent_667,m,kiley,chen
sprs_508207_parent_309,f,waylon,compton
sprs_508207_parent_573,m,taylor,marshall
sprs_508207_parent_800,m,chad,hurst
sprs_508207_parent_886,m,willow,stevenson
sprs_508207_parent_938,m,dorothy,ruiz
sprs_508207_parent_245,m,philip,sims
sprs_508207_parent_837,f,elvis,davidson
sprs_508207_parent_482,m,mark,roy
sprs_508207_parent_661,m,blaine,small
sprs_508207_parent_916,m,lucian,molina
sprs_508207_parent_519,f,madelyn,kirkland
sprs_508207_parent_663,m,tamia,kirkland
sprs_508207_parent_523,f,donald,arnold
sprs_508207_parent_757,m,bradley,wilder
sprs_508207_parent_033,f,jaydon,matthews
sprs_508207_parent_166,f,gustavo,benton
sprs_508207_parent_851,m,tyree,knapp
sprs_508207_parent_884,f,eva,becker
sprs_508207_parent_047,f,aden,douglas
sprs_508207_parent_128,f,ashlynn,bond
sprs_508207_parent_470,f,jasper,bowman
sprs_508207_parent_186,m,mckenzie,head
sprs_508207_parent_250,m,trent,medina
sprs_508207_parent_417,f,jerimiah,may
sprs_508207_parent_083,f,jack,burton
sprs_508207_parent_956,f,brittany,roberts
sprs_508207_parent_701,f,salvador,ruiz
sprs_508207_parent_950,f,demi,ellis
sprs_508207_parent_528,m,wesley,alford